"filename", "language", "XML", "JSON", "C#", "Log", "Markdown", "CSV", "comment", "blank", "total"
"d:\Unity\LOFBR\.vs\LoFBR.slnx\v18\DocumentLayout.backup.json", "JSON", 0, 12, 0, 0, 0, 0, 0, 0, 12
"d:\Unity\LOFBR\.vs\LoFBR.slnx\v18\DocumentLayout.json", "JSON", 0, 12, 0, 0, 0, 0, 0, 0, 12
"d:\Unity\LOFBR\.vs\VSWorkspaceState.json", "JSON", 0, 6, 0, 0, 0, 0, 0, 0, 6
"d:\Unity\LOFBR\Analytics.csproj", "XML", 1187, 0, 0, 0, 0, 0, 1, 1, 1189
"d:\Unity\LOFBR\Assembly-CSharp.csproj", "XML", 1238, 0, 0, 0, 0, 0, 1, 1, 1240
"d:\Unity\LOFBR\Assets\MobileDependencyResolver\Editor\CHANGELOG.md", "Markdown", 0, 0, 0, 0, 1215, 0, 0, 211, 1426
"d:\Unity\LOFBR\Assets\MobileDependencyResolver\Editor\README.md", "Markdown", 0, 0, 0, 0, 680, 0, 0, 224, 904
"d:\Unity\LOFBR\Assets\PlayerInputActions.cs", "C#", 0, 0, 1340, 0, 0, 0, 384, 27, 1751
"d:\Unity\LOFBR\Assets\Resources\BillingMode.json", "JSON", 0, 1, 0, 0, 0, 0, 0, 0, 1
"d:\Unity\LOFBR\Assets\Scripts\.VSCodeCounter\2022-09-23_22-51-57\details.md", "Markdown", 0, 0, 0, 0, 85, 0, 0, 6, 91
"d:\Unity\LOFBR\Assets\Scripts\.VSCodeCounter\2022-09-23_22-51-57\diff-details.md", "Markdown", 0, 0, 0, 0, 9, 0, 0, 6, 15
"d:\Unity\LOFBR\Assets\Scripts\.VSCodeCounter\2022-09-23_22-51-57\diff.csv", "CSV", 0, 0, 0, 0, 0, 2, 0, 0, 2
"d:\Unity\LOFBR\Assets\Scripts\.VSCodeCounter\2022-09-23_22-51-57\diff.md", "Markdown", 0, 0, 0, 0, 12, 0, 0, 7, 19
"d:\Unity\LOFBR\Assets\Scripts\.VSCodeCounter\2022-09-23_22-51-57\results.csv", "CSV", 0, 0, 0, 0, 0, 78, 0, 0, 78
"d:\Unity\LOFBR\Assets\Scripts\.VSCodeCounter\2022-09-23_22-51-57\results.json", "JSON", 0, 1, 0, 0, 0, 0, 0, 0, 1
"d:\Unity\LOFBR\Assets\Scripts\.VSCodeCounter\2022-09-23_22-51-57\results.md", "Markdown", 0, 0, 0, 0, 14, 0, 0, 7, 21
"d:\Unity\LOFBR\Assets\Scripts\.VSCodeCounter\2022-09-23_22-52-37\details.md", "Markdown", 0, 0, 0, 0, 85, 0, 0, 6, 91
"d:\Unity\LOFBR\Assets\Scripts\.VSCodeCounter\2022-09-23_22-52-37\diff-details.md", "Markdown", 0, 0, 0, 0, 9, 0, 0, 6, 15
"d:\Unity\LOFBR\Assets\Scripts\.VSCodeCounter\2022-09-23_22-52-37\diff.csv", "CSV", 0, 0, 0, 0, 0, 2, 0, 0, 2
"d:\Unity\LOFBR\Assets\Scripts\.VSCodeCounter\2022-09-23_22-52-37\diff.md", "Markdown", 0, 0, 0, 0, 12, 0, 0, 7, 19
"d:\Unity\LOFBR\Assets\Scripts\.VSCodeCounter\2022-09-23_22-52-37\results.csv", "CSV", 0, 0, 0, 0, 0, 78, 0, 0, 78
"d:\Unity\LOFBR\Assets\Scripts\.VSCodeCounter\2022-09-23_22-52-37\results.json", "JSON", 0, 1, 0, 0, 0, 0, 0, 0, 1
"d:\Unity\LOFBR\Assets\Scripts\.VSCodeCounter\2022-09-23_22-52-37\results.md", "Markdown", 0, 0, 0, 0, 14, 0, 0, 7, 21
"d:\Unity\LOFBR\Assets\Scripts\AI\AIHandler.cs", "C#", 0, 0, 165, 0, 0, 0, 0, 3, 168
"d:\Unity\LOFBR\Assets\Scripts\AI\AIModule.cs", "C#", 0, 0, 16, 0, 0, 0, 0, 1, 17
"d:\Unity\LOFBR\Assets\Scripts\AI\AIUtils.cs", "C#", 0, 0, 29, 0, 0, 0, 0, 1, 30
"d:\Unity\LOFBR\Assets\Scripts\AI\DistanceHandler.cs", "C#", 0, 0, 60, 0, 0, 0, 0, 1, 61
"d:\Unity\LOFBR\Assets\Scripts\AI\HealthChecker.cs", "C#", 0, 0, 43, 0, 0, 0, 0, 1, 44
"d:\Unity\LOFBR\Assets\Scripts\AI\MovementAI.cs", "C#", 0, 0, 260, 0, 0, 0, 2, 1, 263
"d:\Unity\LOFBR\Assets\Scripts\AI\Utilities\ClosestFinder.cs", "C#", 0, 0, 165, 0, 0, 0, 0, 1, 166
"d:\Unity\LOFBR\Assets\Scripts\AI\Utilities\CombatUtils.cs", "C#", 0, 0, 57, 0, 0, 0, 0, 2, 59
"d:\Unity\LOFBR\Assets\Scripts\AI\Utilities\Skillset.cs", "C#", 0, 0, 141, 0, 0, 0, 4, 1, 146
"d:\Unity\LOFBR\Assets\Scripts\Abilities\Ability.cs", "C#", 0, 0, 250, 0, 0, 0, 2, 2, 254
"d:\Unity\LOFBR\Assets\Scripts\Abilities\BuildWall.cs", "C#", 0, 0, 82, 0, 0, 0, 8, 2, 92
"d:\Unity\LOFBR\Assets\Scripts\Abilities\Dash.cs", "C#", 0, 0, 49, 0, 0, 0, 0, 2, 51
"d:\Unity\LOFBR\Assets\Scripts\Abilities\Immolate.cs", "C#", 0, 0, 92, 0, 0, 0, 0, 2, 94
"d:\Unity\LOFBR\Assets\Scripts\Abilities\ManaDrain.cs", "C#", 0, 0, 62, 0, 0, 0, 0, 2, 64
"d:\Unity\LOFBR\Assets\Scripts\Abilities\MarkForDeath.cs", "C#", 0, 0, 62, 0, 0, 0, 0, 3, 65
"d:\Unity\LOFBR\Assets\Scripts\Abilities\Melee.cs", "C#", 0, 0, 106, 0, 0, 0, 1, 1, 108
"d:\Unity\LOFBR\Assets\Scripts\Abilities\Parry.cs", "C#", 0, 0, 65, 0, 0, 0, 0, 2, 67
"d:\Unity\LOFBR\Assets\Scripts\Abilities\ShootBasic.cs", "C#", 0, 0, 99, 0, 0, 0, 0, 1, 100
"d:\Unity\LOFBR\Assets\Scripts\Abilities\ShootHeal.cs", "C#", 0, 0, 47, 0, 0, 0, 0, 1, 48
"d:\Unity\LOFBR\Assets\Scripts\Abilities\ShootLeft.cs", "C#", 0, 0, 23, 0, 0, 0, 0, 1, 24
"d:\Unity\LOFBR\Assets\Scripts\Abilities\ShootPoison.cs", "C#", 0, 0, 29, 0, 0, 0, 0, 3, 32
"d:\Unity\LOFBR\Assets\Scripts\Abilities\ShootRight.cs", "C#", 0, 0, 23, 0, 0, 0, 0, 1, 24
"d:\Unity\LOFBR\Assets\Scripts\Abilities\Stomp.cs", "C#", 0, 0, 110, 0, 0, 0, 0, 5, 115
"d:\Unity\LOFBR\Assets\Scripts\Abilities\ThrowBall.cs", "C#", 0, 0, 56, 0, 0, 0, 0, 2, 58
"d:\Unity\LOFBR\Assets\Scripts\Abilities\UltAttack.cs", "C#", 0, 0, 67, 0, 0, 0, 0, 2, 69
"d:\Unity\LOFBR\Assets\Scripts\Abilities\UltAttackHeal.cs", "C#", 0, 0, 34, 0, 0, 0, 0, 2, 36
"d:\Unity\LOFBR\Assets\Scripts\Abilities\UltBladeFlurry.cs", "C#", 0, 0, 96, 0, 0, 0, 0, 2, 98
"d:\Unity\LOFBR\Assets\Scripts\Abilities\UltRez.cs", "C#", 0, 0, 47, 0, 0, 0, 0, 2, 49
"d:\Unity\LOFBR\Assets\Scripts\Abilities\UseArmorAura.cs", "C#", 0, 0, 28, 0, 0, 0, 0, 2, 30
"d:\Unity\LOFBR\Assets\Scripts\Abilities\UseShield.cs", "C#", 0, 0, 58, 0, 0, 0, 0, 3, 61
"d:\Unity\LOFBR\Assets\Scripts\Audio\AudioManager.cs", "C#", 0, 0, 79, 0, 0, 0, 0, 2, 81
"d:\Unity\LOFBR\Assets\Scripts\Behaviours\CharacterBehaviours\CharacterBehaviour.cs", "C#", 0, 0, 37, 0, 0, 0, 0, 1, 38
"d:\Unity\LOFBR\Assets\Scripts\Behaviours\CharacterBehaviours\DamageableEntity.cs", "C#", 0, 0, 77, 0, 0, 0, 0, 1, 78
"d:\Unity\LOFBR\Assets\Scripts\Behaviours\CharacterBehaviours\MainPlayers\EnemyPlayerBehaviour.cs", "C#", 0, 0, 35, 0, 0, 0, 0, 2, 37
"d:\Unity\LOFBR\Assets\Scripts\Behaviours\CharacterBehaviours\MainPlayers\MainPlayerBehaviour.cs", "C#", 0, 0, 66, 0, 0, 0, 0, 0, 66
"d:\Unity\LOFBR\Assets\Scripts\Behaviours\CharacterBehaviours\MainPlayers\PlayerController.cs", "C#", 0, 0, 39, 0, 0, 0, 1, 2, 42
"d:\Unity\LOFBR\Assets\Scripts\Behaviours\CharacterBehaviours\Mobs\MirrorImageBehaviour.cs", "C#", 0, 0, 42, 0, 0, 0, 0, 0, 42
"d:\Unity\LOFBR\Assets\Scripts\Behaviours\CharacterBehaviours\Mobs\MobBehaviour.cs", "C#", 0, 0, 118, 0, 0, 0, 0, 1, 119
"d:\Unity\LOFBR\Assets\Scripts\Behaviours\CharacterBehaviours\TowerBehaviours\TowerBehaviour.cs", "C#", 0, 0, 49, 0, 0, 0, 0, 2, 51
"d:\Unity\LOFBR\Assets\Scripts\Behaviours\CharacterBehaviours\WallBehaviour.cs", "C#", 0, 0, 79, 0, 0, 0, 0, 0, 79
"d:\Unity\LOFBR\Assets\Scripts\Behaviours\CharacterBehaviours\WallMember.cs", "C#", 0, 0, 22, 0, 0, 0, 0, 0, 22
"d:\Unity\LOFBR\Assets\Scripts\Behaviours\ObjectBehavious\Bases\Base.cs", "C#", 0, 0, 28, 0, 0, 0, 0, 1, 29
"d:\Unity\LOFBR\Assets\Scripts\Behaviours\ObjectBehavious\Bases\Spawners\EnemySpawner.cs", "C#", 0, 0, 7, 0, 0, 0, 0, 2, 9
"d:\Unity\LOFBR\Assets\Scripts\Behaviours\ObjectBehavious\Bases\Spawners\FriendlySpawner.cs", "C#", 0, 0, 7, 0, 0, 0, 0, 2, 9
"d:\Unity\LOFBR\Assets\Scripts\Behaviours\ObjectBehavious\Bases\Spawners\SpawnerBehaviour.cs", "C#", 0, 0, 52, 0, 0, 0, 0, 2, 54
"d:\Unity\LOFBR\Assets\Scripts\Behaviours\ObjectBehavious\BulletBehaviours\BulletBehaviour.cs", "C#", 0, 0, 69, 0, 0, 0, 0, 2, 71
"d:\Unity\LOFBR\Assets\Scripts\Behaviours\ObjectBehavious\BulletBehaviours\BulletBehaviourFollowing.cs", "C#", 0, 0, 86, 0, 0, 0, 0, 1, 87
"d:\Unity\LOFBR\Assets\Scripts\Behaviours\ObjectBehavious\BulletBehaviours\BulletBehaviourFollowingUlt.cs", "C#", 0, 0, 23, 0, 0, 0, 0, 2, 25
"d:\Unity\LOFBR\Assets\Scripts\Behaviours\ObjectBehavious\BulletBehaviours\Shock.cs", "C#", 0, 0, 27, 0, 0, 0, 0, 2, 29
"d:\Unity\LOFBR\Assets\Scripts\Behaviours\ObjectBehavious\FireBehaviour.cs", "C#", 0, 0, 16, 0, 0, 0, 0, 2, 18
"d:\Unity\LOFBR\Assets\Scripts\Behaviours\ObjectBehavious\ManaDrainerBehaviour.cs", "C#", 0, 0, 41, 0, 0, 0, 0, 2, 43
"d:\Unity\LOFBR\Assets\Scripts\Behaviours\ObjectBehavious\MeleeColliderBehaviour.cs", "C#", 0, 0, 16, 0, 0, 0, 0, 2, 18
"d:\Unity\LOFBR\Assets\Scripts\Behaviours\ObjectBehavious\ParryColliderBehaviour.cs", "C#", 0, 0, 31, 0, 0, 0, 3, 2, 36
"d:\Unity\LOFBR\Assets\Scripts\Behaviours\ObjectBehavious\ShieldBehaviour.cs", "C#", 0, 0, 15, 0, 0, 0, 0, 2, 17
"d:\Unity\LOFBR\Assets\Scripts\CollisionHandlers\ArmorAura.cs", "C#", 0, 0, 76, 0, 0, 0, 0, 1, 77
"d:\Unity\LOFBR\Assets\Scripts\CollisionHandlers\CollisionHandler.cs", "C#", 0, 0, 42, 0, 0, 0, 0, 1, 43
"d:\Unity\LOFBR\Assets\Scripts\CollisionHandlers\DamageCollisionHandler.cs", "C#", 0, 0, 68, 0, 0, 0, 0, 1, 69
"d:\Unity\LOFBR\Assets\Scripts\CollisionHandlers\DetectBulletsCollisionHandler.cs", "C#", 0, 0, 44, 0, 0, 0, 0, 1, 45
"d:\Unity\LOFBR\Assets\Scripts\CollisionHandlers\RegenAura.cs", "C#", 0, 0, 64, 0, 0, 0, 0, 2, 66
"d:\Unity\LOFBR\Assets\Scripts\CollisionHandlers\StackingHandler.cs", "C#", 0, 0, 21, 0, 0, 0, 0, 1, 22
"d:\Unity\LOFBR\Assets\Scripts\Factories\BulletFactory.cs", "C#", 0, 0, 119, 0, 0, 0, 0, 1, 120
"d:\Unity\LOFBR\Assets\Scripts\Factories\CharacterFactory.cs", "C#", 0, 0, 63, 0, 0, 0, 0, 1, 64
"d:\Unity\LOFBR\Assets\Scripts\GameController\CharacterTracker.cs", "C#", 0, 0, 267, 0, 0, 0, 0, 1, 268
"d:\Unity\LOFBR\Assets\Scripts\GameController\MasterScript.cs", "C#", 0, 0, 203, 0, 0, 0, 0, 0, 203
"d:\Unity\LOFBR\Assets\Scripts\GameController\MoveAllEnemy.cs", "C#", 0, 0, 21, 0, 0, 0, 0, 2, 23
"d:\Unity\LOFBR\Assets\Scripts\GameController\MoveAllFriendly.cs", "C#", 0, 0, 21, 0, 0, 0, 0, 2, 23
"d:\Unity\LOFBR\Assets\Scripts\Input\PlayerInputRouter.cs", "C#", 0, 0, 119, 0, 0, 0, 0, 12, 131
"d:\Unity\LOFBR\Assets\Scripts\MenuControls\PauseGame.cs", "C#", 0, 0, 55, 0, 0, 0, 0, 2, 57
"d:\Unity\LOFBR\Assets\Scripts\MenuControls\SetSkillSet.cs", "C#", 0, 0, 18, 0, 0, 0, 0, 1, 19
"d:\Unity\LOFBR\Assets\Scripts\MenuControls\changeScene.cs", "C#", 0, 0, 21, 0, 0, 0, 2, 4, 27
"d:\Unity\LOFBR\Assets\Scripts\UI\CameraController.cs", "C#", 0, 0, 19, 0, 0, 0, 0, 2, 21
"d:\Unity\LOFBR\Assets\Scripts\UI\CameraRotationMenu.cs", "C#", 0, 0, 17, 0, 0, 0, 0, 2, 19
"d:\Unity\LOFBR\Assets\Scripts\UI\HUD\DisplayMana.cs", "C#", 0, 0, 24, 0, 0, 0, 0, 2, 26
"d:\Unity\LOFBR\Assets\Scripts\UI\HUD\ExpDisplay.cs", "C#", 0, 0, 28, 0, 0, 0, 0, 2, 30
"d:\Unity\LOFBR\Assets\Scripts\UI\HUD\HUD.cs", "C#", 0, 0, 43, 0, 0, 0, 0, 2, 45
"d:\Unity\LOFBR\Assets\Scripts\UI\HUD\LookAtCamera.cs", "C#", 0, 0, 16, 0, 0, 0, 0, 2, 18
"d:\Unity\LOFBR\Assets\Scripts\UI\HUD\Reload.cs", "C#", 0, 0, 70, 0, 0, 0, 0, 1, 71
"d:\Unity\LOFBR\Assets\Scripts\UI\HUD\healthdisplay.cs", "C#", 0, 0, 29, 0, 0, 0, 0, 1, 30
"d:\Unity\LOFBR\Assets\Scripts\Utilities\Damage.cs", "C#", 0, 0, 58, 0, 0, 0, 0, 1, 59
"d:\Unity\LOFBR\Assets\Scripts\Utilities\Health.cs", "C#", 0, 0, 149, 0, 0, 0, 0, 2, 151
"d:\Unity\LOFBR\Assets\Scripts\Utilities\Level.cs", "C#", 0, 0, 43, 0, 0, 0, 0, 2, 45
"d:\Unity\LOFBR\Assets\Scripts\Utilities\Mana.cs", "C#", 0, 0, 62, 0, 0, 0, 0, 2, 64
"d:\Unity\LOFBR\Assets\Scripts\Visuals\MaterialLibrary.cs", "C#", 0, 0, 20, 0, 0, 0, 0, 2, 22
"d:\Unity\LOFBR\Assets\TeamMaterials.cs", "C#", 0, 0, 9, 0, 0, 0, 0, 2, 11
"d:\Unity\LOFBR\IAPResolver.csproj", "XML", 1188, 0, 0, 0, 0, 0, 1, 1, 1190
"d:\Unity\LOFBR\LoFBR.slnx", "XML", 71, 0, 0, 0, 0, 0, 0, 1, 72
"d:\Unity\LOFBR\Logs\AssetImportWorker0-prev.log", "Log", 0, 0, 0, 277, 0, 0, 0, 13, 290
"d:\Unity\LOFBR\Logs\AssetImportWorker0.log", "Log", 0, 0, 0, 234, 0, 0, 0, 6, 240
"d:\Unity\LOFBR\Logs\AssetImportWorker1-prev.log", "Log", 0, 0, 0, 235, 0, 0, 0, 7, 242
"d:\Unity\LOFBR\Logs\AssetImportWorker1.log", "Log", 0, 0, 0, 227, 0, 0, 0, 5, 232
"d:\Unity\LOFBR\Logs\AssetImportWorker2-prev.log", "Log", 0, 0, 0, 2043, 0, 0, 0, 61, 2104
"d:\Unity\LOFBR\Logs\AssetImportWorker2.log", "Log", 0, 0, 0, 151548, 0, 0, 0, 154, 151702
"d:\Unity\LOFBR\Logs\AssetImportWorker3-prev.log", "Log", 0, 0, 0, 1910, 0, 0, 0, 42, 1952
"d:\Unity\LOFBR\Logs\AssetImportWorker3.log", "Log", 0, 0, 0, 151338, 0, 0, 0, 124, 151462
"d:\Unity\LOFBR\Logs\Packages-Update.log", "Log", 0, 0, 0, 80, 0, 0, 0, 13, 93
"d:\Unity\LOFBR\Logs\shadercompiler-AssetImportWorker0-0.log", "Log", 0, 0, 0, 4, 0, 0, 0, 3, 7
"d:\Unity\LOFBR\Logs\shadercompiler-AssetImportWorker1-0.log", "Log", 0, 0, 0, 4, 0, 0, 0, 3, 7
"d:\Unity\LOFBR\Logs\shadercompiler-AssetImportWorker2-0.log", "Log", 0, 0, 0, 110, 0, 0, 0, 110, 220
"d:\Unity\LOFBR\Logs\shadercompiler-AssetImportWorker3-0.log", "Log", 0, 0, 0, 110, 0, 0, 0, 110, 220
"d:\Unity\LOFBR\Logs\shadercompiler-UnityShaderCompiler.exe-0.log", "Log", 0, 0, 0, 2, 0, 0, 0, 2, 4
"d:\Unity\LOFBR\NavMeshComponents.csproj", "XML", 1149, 0, 0, 0, 0, 0, 1, 1, 1151
"d:\Unity\LOFBR\NavMeshComponentsEditor.csproj", "XML", 1184, 0, 0, 0, 0, 0, 1, 1, 1186
"d:\Unity\LOFBR\Packages\manifest.json", "JSON", 0, 53, 0, 0, 0, 0, 0, 1, 54
"d:\Unity\LOFBR\Packages\packages-lock.json", "JSON", 0, 454, 0, 0, 0, 0, 0, 1, 455
"d:\Unity\LOFBR\Purchasing.Common.csproj", "XML", 1166, 0, 0, 0, 0, 0, 1, 1, 1168
"d:\Unity\LOFBR\Unity.2D.Sprite.AIIntegration.Editor.csproj", "XML", 1187, 0, 0, 0, 0, 0, 1, 1, 1189
"d:\Unity\LOFBR\Unity.2D.Sprite.Editor.csproj", "XML", 1246, 0, 0, 0, 0, 0, 1, 1, 1248
"d:\Unity\LOFBR\Unity.2D.Tilemap.Editor.csproj", "XML", 1308, 0, 0, 0, 0, 0, 1, 1, 1310
"d:\Unity\LOFBR\Unity.AI.Navigation.Editor.ConversionSystem.csproj", "XML", 1200, 0, 0, 0, 0, 0, 1, 1, 1202
"d:\Unity\LOFBR\Unity.AI.Navigation.Editor.csproj", "XML", 1198, 0, 0, 0, 0, 0, 1, 1, 1200
"d:\Unity\LOFBR\Unity.AI.Navigation.Updater.csproj", "XML", 1196, 0, 0, 0, 0, 0, 1, 1, 1198
"d:\Unity\LOFBR\Unity.AI.Navigation.csproj", "XML", 1167, 0, 0, 0, 0, 0, 1, 1, 1169
"d:\Unity\LOFBR\Unity.Analytics.DataPrivacy.csproj", "XML", 1163, 0, 0, 0, 0, 0, 1, 1, 1165
"d:\Unity\LOFBR\Unity.CollabProxy.Editor.csproj", "XML", 1191, 0, 0, 0, 0, 0, 1, 1, 1193
"d:\Unity\LOFBR\Unity.InputSystem.DocCodeSamples.csproj", "XML", 1138, 0, 0, 0, 0, 0, 1, 1, 1140
"d:\Unity\LOFBR\Unity.InputSystem.ForUI.csproj", "XML", 1164, 0, 0, 0, 0, 0, 1, 1, 1166
"d:\Unity\LOFBR\Unity.InputSystem.TestFramework.csproj", "XML", 1109, 0, 0, 0, 0, 0, 1, 1, 1111
"d:\Unity\LOFBR\Unity.InputSystem.csproj", "XML", 1573, 0, 0, 0, 0, 0, 1, 1, 1575
"d:\Unity\LOFBR\Unity.InternalAPIEngineBridge.004.csproj", "XML", 1161, 0, 0, 0, 0, 0, 1, 1, 1163
"d:\Unity\LOFBR\Unity.Multiplayer.Center.Common.csproj", "XML", 1166, 0, 0, 0, 0, 0, 1, 1, 1168
"d:\Unity\LOFBR\Unity.Multiplayer.Center.Editor.csproj", "XML", 1230, 0, 0, 0, 0, 0, 1, 1, 1232
"d:\Unity\LOFBR\Unity.PlasticSCM.Editor.Entities.csproj", "XML", 1189, 0, 0, 0, 0, 0, 1, 1, 1191
"d:\Unity\LOFBR\Unity.PlasticSCM.Editor.csproj", "XML", 1648, 0, 0, 0, 0, 0, 1, 1, 1650
"d:\Unity\LOFBR\Unity.Rider.Editor.csproj", "XML", 1181, 0, 0, 0, 0, 0, 1, 1, 1183
"d:\Unity\LOFBR\Unity.Services.Analytics.Editor.csproj", "XML", 1201, 0, 0, 0, 0, 0, 1, 1, 1203
"d:\Unity\LOFBR\Unity.Services.Analytics.csproj", "XML", 1142, 0, 0, 0, 0, 0, 1, 1, 1144
"d:\Unity\LOFBR\Unity.Services.Core.Analytics.csproj", "XML", 1163, 0, 0, 0, 0, 0, 1, 1, 1165
"d:\Unity\LOFBR\Unity.Services.Core.Components.csproj", "XML", 1167, 0, 0, 0, 0, 0, 1, 1, 1169
"d:\Unity\LOFBR\Unity.Services.Core.Configuration.Editor.csproj", "XML", 1198, 0, 0, 0, 0, 0, 1, 1, 1200
"d:\Unity\LOFBR\Unity.Services.Core.Configuration.csproj", "XML", 1174, 0, 0, 0, 0, 0, 1, 1, 1176
"d:\Unity\LOFBR\Unity.Services.Core.Device.csproj", "XML", 1169, 0, 0, 0, 0, 0, 1, 1, 1171
"d:\Unity\LOFBR\Unity.Services.Core.Editor.csproj", "XML", 1350, 0, 0, 0, 0, 0, 1, 1, 1352
"d:\Unity\LOFBR\Unity.Services.Core.Environments.Editor.csproj", "XML", 1283, 0, 0, 0, 0, 0, 1, 1, 1285
"d:\Unity\LOFBR\Unity.Services.Core.Environments.Internal.csproj", "XML", 1163, 0, 0, 0, 0, 0, 1, 1, 1165
"d:\Unity\LOFBR\Unity.Services.Core.Environments.csproj", "XML", 1164, 0, 0, 0, 0, 0, 1, 1, 1166
"d:\Unity\LOFBR\Unity.Services.Core.Internal.csproj", "XML", 1242, 0, 0, 0, 0, 0, 1, 1, 1244
"d:\Unity\LOFBR\Unity.Services.Core.Networking.csproj", "XML", 1165, 0, 0, 0, 0, 0, 1, 1, 1167
"d:\Unity\LOFBR\Unity.Services.Core.Registration.csproj", "XML", 1171, 0, 0, 0, 0, 0, 1, 1, 1173
"d:\Unity\LOFBR\Unity.Services.Core.Scheduler.csproj", "XML", 1169, 0, 0, 0, 0, 0, 1, 1, 1171
"d:\Unity\LOFBR\Unity.Services.Core.Telemetry.csproj", "XML", 1171, 0, 0, 0, 0, 0, 1, 1, 1173
"d:\Unity\LOFBR\Unity.Services.Core.Threading.csproj", "XML", 1164, 0, 0, 0, 0, 0, 1, 1, 1166
"d:\Unity\LOFBR\Unity.Services.Core.csproj", "XML", 1176, 0, 0, 0, 0, 0, 1, 1, 1178
"d:\Unity\LOFBR\Unity.TextMeshPro.Editor.csproj", "XML", 1242, 0, 0, 0, 0, 0, 1, 1, 1244
"d:\Unity\LOFBR\Unity.TextMeshPro.csproj", "XML", 1222, 0, 0, 0, 0, 0, 1, 1, 1224
"d:\Unity\LOFBR\Unity.Timeline.Editor.csproj", "XML", 1467, 0, 0, 0, 0, 0, 1, 1, 1469
"d:\Unity\LOFBR\Unity.Timeline.csproj", "XML", 1238, 0, 0, 0, 0, 0, 1, 1, 1240
"d:\Unity\LOFBR\Unity.VisualStudio.Editor.csproj", "XML", 1185, 0, 0, 0, 0, 0, 1, 1, 1187
"d:\Unity\LOFBR\UnityEditor.Purchasing.csproj", "XML", 1250, 0, 0, 0, 0, 0, 1, 1, 1252
"d:\Unity\LOFBR\UnityEditor.SpatialTracking.csproj", "XML", 1188, 0, 0, 0, 0, 0, 1, 1, 1190
"d:\Unity\LOFBR\UnityEditor.TestRunner.csproj", "XML", 1374, 0, 0, 0, 0, 0, 1, 1, 1376
"d:\Unity\LOFBR\UnityEditor.UI.Analytics.csproj", "XML", 1190, 0, 0, 0, 0, 0, 1, 1, 1192
"d:\Unity\LOFBR\UnityEditor.UI.csproj", "XML", 1223, 0, 0, 0, 0, 0, 1, 1, 1225
"d:\Unity\LOFBR\UnityEditor.XR.LegacyInputHelpers.csproj", "XML", 1195, 0, 0, 0, 0, 0, 1, 1, 1197
"d:\Unity\LOFBR\UnityEngine.Advertisements.DevX.Editor.csproj", "XML", 1153, 0, 0, 0, 0, 0, 1, 1, 1155
"d:\Unity\LOFBR\UnityEngine.Advertisements.Editor.csproj", "XML", 1201, 0, 0, 0, 0, 0, 1, 1, 1203
"d:\Unity\LOFBR\UnityEngine.Advertisements.csproj", "XML", 1215, 0, 0, 0, 0, 0, 1, 1, 1217
"d:\Unity\LOFBR\UnityEngine.Purchasing.AppleCore.csproj", "XML", 1163, 0, 0, 0, 0, 0, 1, 1, 1165
"d:\Unity\LOFBR\UnityEngine.Purchasing.AppleMacosStub.csproj", "XML", 1164, 0, 0, 0, 0, 0, 1, 1, 1166
"d:\Unity\LOFBR\UnityEngine.Purchasing.AppleStub.csproj", "XML", 1164, 0, 0, 0, 0, 0, 1, 1, 1166
"d:\Unity\LOFBR\UnityEngine.Purchasing.Codeless.csproj", "XML", 1172, 0, 0, 0, 0, 0, 1, 1, 1174
"d:\Unity\LOFBR\UnityEngine.Purchasing.SecurityCore.csproj", "XML", 1164, 0, 0, 0, 0, 0, 1, 1, 1166
"d:\Unity\LOFBR\UnityEngine.Purchasing.SecurityStub.csproj", "XML", 1166, 0, 0, 0, 0, 0, 1, 1, 1168
"d:\Unity\LOFBR\UnityEngine.Purchasing.Stores.csproj", "XML", 1260, 0, 0, 0, 0, 0, 1, 1, 1262
"d:\Unity\LOFBR\UnityEngine.Purchasing.WinRTCore.csproj", "XML", 1163, 0, 0, 0, 0, 0, 1, 1, 1165
"d:\Unity\LOFBR\UnityEngine.Purchasing.WinRTStub.csproj", "XML", 1163, 0, 0, 0, 0, 0, 1, 1, 1165
"d:\Unity\LOFBR\UnityEngine.Purchasing.csproj", "XML", 1241, 0, 0, 0, 0, 0, 1, 1, 1243
"d:\Unity\LOFBR\UnityEngine.SpatialTracking.csproj", "XML", 1163, 0, 0, 0, 0, 0, 1, 1, 1165
"d:\Unity\LOFBR\UnityEngine.TestRunner.csproj", "XML", 1239, 0, 0, 0, 0, 0, 1, 1, 1241
"d:\Unity\LOFBR\UnityEngine.UI.csproj", "XML", 1244, 0, 0, 0, 0, 0, 1, 1, 1246
"d:\Unity\LOFBR\UnityEngine.XR.LegacyInputHelpers.csproj", "XML", 1165, 0, 0, 0, 0, 0, 1, 1, 1167
"d:\Unity\LoFBR\Assets\Scripts\.VSCodeCounter\2022-09-23_22-51-57\details.md", "Markdown", 0, 0, 0, 0, -85, 0, 0, -6, -91
"d:\Unity\LoFBR\Assets\Scripts\.VSCodeCounter\2022-09-23_22-51-57\diff-details.md", "Markdown", 0, 0, 0, 0, -9, 0, 0, -6, -15
"d:\Unity\LoFBR\Assets\Scripts\.VSCodeCounter\2022-09-23_22-51-57\diff.csv", "CSV", 0, 0, 0, 0, 0, -2, 0, 0, -2
"d:\Unity\LoFBR\Assets\Scripts\.VSCodeCounter\2022-09-23_22-51-57\diff.md", "Markdown", 0, 0, 0, 0, -12, 0, 0, -7, -19
"d:\Unity\LoFBR\Assets\Scripts\.VSCodeCounter\2022-09-23_22-51-57\results.csv", "CSV", 0, 0, 0, 0, 0, -78, 0, 0, -78
"d:\Unity\LoFBR\Assets\Scripts\.VSCodeCounter\2022-09-23_22-51-57\results.json", "JSON", 0, -1, 0, 0, 0, 0, 0, 0, -1
"d:\Unity\LoFBR\Assets\Scripts\.VSCodeCounter\2022-09-23_22-51-57\results.md", "Markdown", 0, 0, 0, 0, -14, 0, 0, -7, -21
"d:\Unity\LoFBR\Assets\Scripts\.VSCodeCounter\2022-09-23_22-52-37\details.md", "Markdown", 0, 0, 0, 0, -85, 0, 0, -6, -91
"d:\Unity\LoFBR\Assets\Scripts\.VSCodeCounter\2022-09-23_22-52-37\diff-details.md", "Markdown", 0, 0, 0, 0, -9, 0, 0, -6, -15
"d:\Unity\LoFBR\Assets\Scripts\.VSCodeCounter\2022-09-23_22-52-37\diff.csv", "CSV", 0, 0, 0, 0, 0, -2, 0, 0, -2
"d:\Unity\LoFBR\Assets\Scripts\.VSCodeCounter\2022-09-23_22-52-37\diff.md", "Markdown", 0, 0, 0, 0, -12, 0, 0, -7, -19
"d:\Unity\LoFBR\Assets\Scripts\.VSCodeCounter\2022-09-23_22-52-37\results.csv", "CSV", 0, 0, 0, 0, 0, -78, 0, 0, -78
"d:\Unity\LoFBR\Assets\Scripts\.VSCodeCounter\2022-09-23_22-52-37\results.json", "JSON", 0, -1, 0, 0, 0, 0, 0, 0, -1
"d:\Unity\LoFBR\Assets\Scripts\.VSCodeCounter\2022-09-23_22-52-37\results.md", "Markdown", 0, 0, 0, 0, -14, 0, 0, -7, -21
"d:\Unity\LoFBR\Assets\Scripts\Ability.cs", "C#", 0, 0, -46, 0, 0, 0, 0, -2, -48
"d:\Unity\LoFBR\Assets\Scripts\AltAttack.cs", "C#", 0, 0, -29, 0, 0, 0, 0, -3, -32
"d:\Unity\LoFBR\Assets\Scripts\ArmorAura.cs", "C#", 0, 0, -56, 0, 0, 0, 0, -3, -59
"d:\Unity\LoFBR\Assets\Scripts\CameraController.cs", "C#", 0, 0, -23, 0, 0, 0, 0, -2, -25
"d:\Unity\LoFBR\Assets\Scripts\CameraRotationMenu.cs", "C#", 0, 0, -17, 0, 0, 0, 0, -2, -19
"d:\Unity\LoFBR\Assets\Scripts\ClosestFinder.cs", "C#", 0, 0, -127, 0, 0, 0, 0, -2, -129
"d:\Unity\LoFBR\Assets\Scripts\CombatUtils.cs", "C#", 0, 0, -60, 0, 0, 0, 0, -2, -62
"d:\Unity\LoFBR\Assets\Scripts\Damage.cs", "C#", 0, 0, -45, 0, 0, 0, 0, -2, -47
"d:\Unity\LoFBR\Assets\Scripts\DamageCollisionHandler.cs", "C#", 0, 0, -97, 0, 0, 0, -1, -3, -101
"d:\Unity\LoFBR\Assets\Scripts\DamageableEntity.cs", "C#", 0, 0, -24, 0, 0, 0, -1, -1, -26
"d:\Unity\LoFBR\Assets\Scripts\Dash.cs", "C#", 0, 0, -31, 0, 0, 0, -1, -2, -34
"d:\Unity\LoFBR\Assets\Scripts\DestroyAfterTime.cs", "C#", 0, 0, -26, 0, 0, 0, 0, -3, -29
"d:\Unity\LoFBR\Assets\Scripts\DestroyAfterTimeHeal.cs", "C#", 0, 0, -30, 0, 0, 0, 0, -3, -33
"d:\Unity\LoFBR\Assets\Scripts\DestroyAfterTimePoison.cs", "C#", 0, 0, -30, 0, 0, 0, 0, -3, -33
"d:\Unity\LoFBR\Assets\Scripts\DestroyAfterTimeTower.cs", "C#", 0, 0, -11, 0, 0, 0, 0, -2, -13
"d:\Unity\LoFBR\Assets\Scripts\DestroyShield.cs", "C#", 0, 0, -13, 0, 0, 0, -2, -4, -19
"d:\Unity\LoFBR\Assets\Scripts\DetectBullets.cs", "C#", 0, 0, -39, 0, 0, 0, -1, -3, -43
"d:\Unity\LoFBR\Assets\Scripts\DisplayMana.cs", "C#", 0, 0, -27, 0, 0, 0, -1, -2, -30
"d:\Unity\LoFBR\Assets\Scripts\EnemyBase.cs", "C#", 0, 0, -34, 0, 0, 0, 0, 0, -34
"d:\Unity\LoFBR\Assets\Scripts\EnemyBehaviour.cs", "C#", 0, 0, -178, 0, 0, 0, 0, 0, -178
"d:\Unity\LoFBR\Assets\Scripts\EnemyPlayerBehaviour.cs", "C#", 0, 0, -466, 0, 0, 0, 0, -1, -467
"d:\Unity\LoFBR\Assets\Scripts\EnemySpawner.cs", "C#", 0, 0, -49, 0, 0, 0, -2, -7, -58
"d:\Unity\LoFBR\Assets\Scripts\ExpDisplay.cs", "C#", 0, 0, -28, 0, 0, 0, -2, -2, -32
"d:\Unity\LoFBR\Assets\Scripts\Extensions.cs", "C#", 0, 0, -31, 0, 0, 0, 0, -2, -33
"d:\Unity\LoFBR\Assets\Scripts\FireBehaviour.cs", "C#", 0, 0, -21, 0, 0, 0, 0, -2, -23
"d:\Unity\LoFBR\Assets\Scripts\FriendlyBase.cs", "C#", 0, 0, -36, 0, 0, 0, -1, -2, -39
"d:\Unity\LoFBR\Assets\Scripts\FriendlyBehaviour.cs", "C#", 0, 0, -180, 0, 0, 0, 0, -3, -183
"d:\Unity\LoFBR\Assets\Scripts\FriendlySpawner.cs", "C#", 0, 0, -49, 0, 0, 0, -2, -7, -58
"d:\Unity\LoFBR\Assets\Scripts\HealingBullet.cs", "C#", 0, 0, -75, 0, 0, 0, 0, -2, -77
"d:\Unity\LoFBR\Assets\Scripts\Health.cs", "C#", 0, 0, -141, 0, 0, 0, 0, -2, -143
"d:\Unity\LoFBR\Assets\Scripts\IMainPlayer.cs", "C#", 0, 0, -8, 0, 0, 0, 0, -2, -10
"d:\Unity\LoFBR\Assets\Scripts\IMortal.cs", "C#", 0, 0, -8, 0, 0, 0, 0, -1, -9
"d:\Unity\LoFBR\Assets\Scripts\IReloadable.cs", "C#", 0, 0, -7, 0, 0, 0, 0, -2, -9
"d:\Unity\LoFBR\Assets\Scripts\ISpawner.cs", "C#", 0, 0, -10, 0, 0, 0, 0, -2, -12
"d:\Unity\LoFBR\Assets\Scripts\Immolate.cs", "C#", 0, 0, -75, 0, 0, 0, 0, -2, -77
"d:\Unity\LoFBR\Assets\Scripts\Level.cs", "C#", 0, 0, -45, 0, 0, 0, 0, -2, -47
"d:\Unity\LoFBR\Assets\Scripts\LevelText.cs", "C#", 0, 0, -17, 0, 0, 0, -2, -2, -21
"d:\Unity\LoFBR\Assets\Scripts\LookAtCamera.cs", "C#", 0, 0, -16, 0, 0, 0, -1, -3, -20
"d:\Unity\LoFBR\Assets\Scripts\Mana.cs", "C#", 0, 0, -62, 0, 0, 0, 0, -2, -64
"d:\Unity\LoFBR\Assets\Scripts\ManaDrain.cs", "C#", 0, 0, -63, 0, 0, 0, -1, -2, -66
"d:\Unity\LoFBR\Assets\Scripts\MasterScript.cs", "C#", 0, 0, -327, 0, 0, 0, 0, -1, -328
"d:\Unity\LoFBR\Assets\Scripts\Melee.cs", "C#", 0, 0, -74, 0, 0, 0, 0, -2, -76
"d:\Unity\LoFBR\Assets\Scripts\MeleeCollider.cs", "C#", 0, 0, -19, 0, 0, 0, -1, -3, -23
"d:\Unity\LoFBR\Assets\Scripts\MoveAllEnemy.cs", "C#", 0, 0, -21, 0, 0, 0, 0, -2, -23
"d:\Unity\LoFBR\Assets\Scripts\MoveAllFriendly.cs", "C#", 0, 0, -21, 0, 0, 0, 0, -2, -23
"d:\Unity\LoFBR\Assets\Scripts\Parry.cs", "C#", 0, 0, -37, 0, 0, 0, 0, -2, -39
"d:\Unity\LoFBR\Assets\Scripts\ParryColliderBehaviour.cs", "C#", 0, 0, -32, 0, 0, 0, 0, -2, -34
"d:\Unity\LoFBR\Assets\Scripts\PauseGame.cs", "C#", 0, 0, -48, 0, 0, 0, 0, -2, -50
"d:\Unity\LoFBR\Assets\Scripts\PlayerController.cs", "C#", 0, 0, -181, 0, 0, 0, 0, -3, -184
"d:\Unity\LoFBR\Assets\Scripts\PoisonBullet.cs", "C#", 0, 0, -73, 0, 0, 0, 0, -1, -74
"d:\Unity\LoFBR\Assets\Scripts\RegenAura.cs", "C#", 0, 0, -55, 0, 0, 0, -1, -3, -59
"d:\Unity\LoFBR\Assets\Scripts\Reload.cs", "C#", 0, 0, -75, 0, 0, 0, 0, -1, -76
"d:\Unity\LoFBR\Assets\Scripts\SetSkillSet.cs", "C#", 0, 0, -18, 0, 0, 0, 0, -2, -20
"d:\Unity\LoFBR\Assets\Scripts\SetVolume.cs", "C#", 0, 0, -24, 0, 0, 0, 0, -1, -25
"d:\Unity\LoFBR\Assets\Scripts\Shield.cs", "C#", 0, 0, -16, 0, 0, 0, -7, -2, -25
"d:\Unity\LoFBR\Assets\Scripts\Shock.cs", "C#", 0, 0, -27, 0, 0, 0, -2, -2, -31
"d:\Unity\LoFBR\Assets\Scripts\ShootHeal.cs", "C#", 0, 0, -70, 0, 0, 0, 0, -1, -71
"d:\Unity\LoFBR\Assets\Scripts\ShootLeft.cs", "C#", 0, 0, -79, 0, 0, 0, 0, -1, -80
"d:\Unity\LoFBR\Assets\Scripts\ShootPoison.cs", "C#", 0, 0, -71, 0, 0, 0, 0, -1, -72
"d:\Unity\LoFBR\Assets\Scripts\ShootRight.cs", "C#", 0, 0, -74, 0, 0, 0, 0, -1, -75
"d:\Unity\LoFBR\Assets\Scripts\Skillset.cs", "C#", 0, 0, -91, 0, 0, 0, 0, -3, -94
"d:\Unity\LoFBR\Assets\Scripts\SkillsetFighter.cs", "C#", 0, 0, -62, 0, 0, 0, 0, -3, -65
"d:\Unity\LoFBR\Assets\Scripts\SkillsetMelee.cs", "C#", 0, 0, -63, 0, 0, 0, 0, -3, -66
"d:\Unity\LoFBR\Assets\Scripts\SkillsetSupport.cs", "C#", 0, 0, -64, 0, 0, 0, 0, -3, -67
"d:\Unity\LoFBR\Assets\Scripts\SpawnShieldFriendly.cs", "C#", 0, 0, -23, 0, 0, 0, -1, -3, -27
"d:\Unity\LoFBR\Assets\Scripts\StackingHandler.cs", "C#", 0, 0, -21, 0, 0, 0, -1, -1, -23
"d:\Unity\LoFBR\Assets\Scripts\TowerBehaviour.cs", "C#", 0, 0, -71, 0, 0, 0, 0, -2, -73
"d:\Unity\LoFBR\Assets\Scripts\TowerBehaviourEnemy.cs", "C#", 0, 0, -11, 0, 0, 0, 0, -2, -13
"d:\Unity\LoFBR\Assets\Scripts\TowerBehaviourFriendly.cs", "C#", 0, 0, -11, 0, 0, 0, 0, -1, -12
"d:\Unity\LoFBR\Assets\Scripts\UltAttack.cs", "C#", 0, 0, -25, 0, 0, 0, -1, -3, -29
"d:\Unity\LoFBR\Assets\Scripts\UltAttackHeal.cs", "C#", 0, 0, -30, 0, 0, 0, 0, -2, -32
"d:\Unity\LoFBR\Assets\Scripts\UltBladeFlurry.cs", "C#", 0, 0, -77, 0, 0, 0, 0, -2, -79
"d:\Unity\LoFBR\Assets\Scripts\UltBulletBehaviour.cs", "C#", 0, 0, -57, 0, 0, 0, 0, -2, -59
"d:\Unity\LoFBR\Assets\Scripts\UltBulletBehaviourEnemy.cs", "C#", 0, 0, -57, 0, 0, 0, 0, -2, -59
"d:\Unity\LoFBR\Assets\Scripts\UltRez.cs", "C#", 0, 0, -35, 0, 0, 0, -1, -4, -40
"d:\Unity\LoFBR\Assets\Scripts\UseArmorAura.cs", "C#", 0, 0, -50, 0, 0, 0, -1, -3, -54
"d:\Unity\LoFBR\Assets\Scripts\UseShield.cs", "C#", 0, 0, -34, 0, 0, 0, -1, -2, -37
"d:\Unity\LoFBR\Assets\Scripts\changeScene.cs", "C#", 0, 0, -21, 0, 0, 0, -2, -4, -27
"d:\Unity\LoFBR\Assets\Scripts\checkShockWave.cs", "C#", 0, 0, -52, 0, 0, 0, -1, -3, -56
"d:\Unity\LoFBR\Assets\Scripts\healthdisplay.cs", "C#", 0, 0, -29, 0, 0, 0, 0, -1, -30
"Total", "-", 86004, 538, 2075, 308122, 1895, 0, 440, 1159, 400233